--
-- PostgreSQL database dump
--

\restrict KP8IVxSOPhnVgBN6lpjNPaCUFoDuOVa5cJ0uFW7uAAERgKOgSXU8s9OSB2rxk4t

-- Dumped from database version 16.10 (Ubuntu 16.10-0ubuntu0.24.04.1)
-- Dumped by pg_dump version 16.10 (Ubuntu 16.10-0ubuntu0.24.04.1)

SET statement_timeout = 0;
SET lock_timeout = 0;
SET idle_in_transaction_session_timeout = 0;
SET client_encoding = 'UTF8';
SET standard_conforming_strings = on;
SELECT pg_catalog.set_config('search_path', '', false);
SET check_function_bodies = false;
SET xmloption = content;
SET client_min_messages = warning;
SET row_security = off;

SET default_tablespace = '';

SET default_table_access_method = heap;

--
-- Name: courses; Type: TABLE; Schema: public; Owner: wolf
--

CREATE TABLE public.courses (
    price numeric(38,2),
    published boolean NOT NULL,
    created_at timestamp(6) without time zone,
    id bigint NOT NULL,
    published_at timestamp(6) without time zone,
    updated_at timestamp(6) without time zone,
    description character varying(255),
    thumbnail_path character varying(255),
    title character varying(255),
    duration integer,
    created_on timestamp(6) without time zone,
    published_on timestamp(6) without time zone,
    updated_on timestamp(6) without time zone
);


ALTER TABLE public.courses OWNER TO wolf;

--
-- Name: courses_id_seq; Type: SEQUENCE; Schema: public; Owner: wolf
--

ALTER TABLE public.courses ALTER COLUMN id ADD GENERATED BY DEFAULT AS IDENTITY (
    SEQUENCE NAME public.courses_id_seq
    START WITH 1
    INCREMENT BY 1
    NO MINVALUE
    NO MAXVALUE
    CACHE 1
);


--
-- Name: enrollments; Type: TABLE; Schema: public; Owner: wolf
--

CREATE TABLE public.enrollments (
    id bigint NOT NULL,
    enrolled_at timestamp(6) without time zone NOT NULL,
    course_id bigint NOT NULL,
    user_id uuid NOT NULL
);


ALTER TABLE public.enrollments OWNER TO wolf;

--
-- Name: enrollments_id_seq; Type: SEQUENCE; Schema: public; Owner: wolf
--

ALTER TABLE public.enrollments ALTER COLUMN id ADD GENERATED BY DEFAULT AS IDENTITY (
    SEQUENCE NAME public.enrollments_id_seq
    START WITH 1
    INCREMENT BY 1
    NO MINVALUE
    NO MAXVALUE
    CACHE 1
);


--
-- Name: lesson; Type: TABLE; Schema: public; Owner: wolf
--

CREATE TABLE public.lesson (
    id bigint NOT NULL,
    author character varying(255),
    created_at timestamp(6) without time zone,
    title character varying(255),
    updated_at timestamp(6) without time zone,
    video_path character varying(255),
    course_id bigint NOT NULL,
    created_on timestamp(6) without time zone,
    duration integer,
    updated_on timestamp(6) without time zone,
    version integer
);


ALTER TABLE public.lesson OWNER TO wolf;

--
-- Name: lesson_id_seq; Type: SEQUENCE; Schema: public; Owner: wolf
--

ALTER TABLE public.lesson ALTER COLUMN id ADD GENERATED BY DEFAULT AS IDENTITY (
    SEQUENCE NAME public.lesson_id_seq
    START WITH 1
    INCREMENT BY 1
    NO MINVALUE
    NO MAXVALUE
    CACHE 1
);


--
-- Name: lesson_progress; Type: TABLE; Schema: public; Owner: wolf
--

CREATE TABLE public.lesson_progress (
    id bigint NOT NULL,
    completed boolean NOT NULL,
    completed_at timestamp(6) without time zone,
    lesson_id bigint NOT NULL,
    user_id uuid NOT NULL
);


ALTER TABLE public.lesson_progress OWNER TO wolf;

--
-- Name: lesson_progress_id_seq; Type: SEQUENCE; Schema: public; Owner: wolf
--

ALTER TABLE public.lesson_progress ALTER COLUMN id ADD GENERATED BY DEFAULT AS IDENTITY (
    SEQUENCE NAME public.lesson_progress_id_seq
    START WITH 1
    INCREMENT BY 1
    NO MINVALUE
    NO MAXVALUE
    CACHE 1
);


--
-- Name: roles; Type: TABLE; Schema: public; Owner: wolf
--

CREATE TABLE public.roles (
    id bigint NOT NULL,
    name character varying(50)
);


ALTER TABLE public.roles OWNER TO wolf;

--
-- Name: roles_id_seq; Type: SEQUENCE; Schema: public; Owner: wolf
--

ALTER TABLE public.roles ALTER COLUMN id ADD GENERATED BY DEFAULT AS IDENTITY (
    SEQUENCE NAME public.roles_id_seq
    START WITH 1
    INCREMENT BY 1
    NO MINVALUE
    NO MAXVALUE
    CACHE 1
);


--
-- Name: users; Type: TABLE; Schema: public; Owner: wolf
--

CREATE TABLE public.users (
    id uuid NOT NULL,
    created_on timestamp(6) without time zone,
    email character varying(255),
    password character varying(255),
    updated_on timestamp(6) without time zone,
    username character varying(255)
);


ALTER TABLE public.users OWNER TO wolf;

--
-- Name: users_roles; Type: TABLE; Schema: public; Owner: wolf
--

CREATE TABLE public.users_roles (
    user_id uuid NOT NULL,
    role_id bigint NOT NULL
);


ALTER TABLE public.users_roles OWNER TO wolf;

--
-- Data for Name: courses; Type: TABLE DATA; Schema: public; Owner: wolf
--

COPY public.courses (price, published, created_at, id, published_at, updated_at, description, thumbnail_path, title, duration, created_on, published_on, updated_on) FROM stdin;
\N	f	2025-10-20 20:00:57.420828	3	\N	2025-10-20 20:00:57.420881	O curso de Photoshop ensina a criar e editar imagens de forma prática e profissional. O aluno aprende a trabalhar com ferramentas de edição, camadas, cores, efeitos e ajustes para produzir artes visuais de qualidade.	PhotoShop.png	Photoshop	40	\N	\N	\N
\N	f	2025-10-20 20:42:07.545088	6	\N	2025-10-20 20:42:07.545144	O curso de Excel tem como objetivo ensinar o uso das principais ferramentas do Microsoft Excel. O aluno aprende a criar planilhas, utilizar fórmulas simples e organizar dados de forma prática e eficiente.	Excel.png	Excel	40	\N	\N	\N
\N	f	2025-10-20 20:16:32.252515	5	\N	2025-10-20 20:16:32.25255	O curso de Word tem como objetivo ensinar o aluno a utilizar o Microsoft Word de forma prática e simples, aprendendo a criar, editar e formatar documentos de texto	Word.png	Word	40	\N	\N	\N
\N	f	2025-10-20 20:43:43.842429	7	\N	2025-10-20 20:43:43.842456	O curso de HTML5 e CSS3 ensina a criar e estilizar páginas web de forma prática e moderna. O aluno aprende a estruturar conteúdo, aplicar estilos visuais, organizar layouts e tornar sites responsivos	HtmlCss.png	Curso de HTML5 e CSS3	40	\N	\N	\N
\N	f	\N	4	\N	2025-10-21 16:39:37.147909	O curso de Marketing Digital ensina as principais estratégias para divulgar produtos, marcas e serviços na internet. O aluno aprende sobre redes sociais, criação de conteúdo, SEO, anúncios online e análise de resultados.	Marketing-Digital(1).png	Marketing Digital	10	\N	\N	\N
\N	f	2025-10-20 20:46:11.706861	8	\N	2025-10-20 20:46:11.706895	O curso de Git e GitHub ensina o controle de versões de projetos de forma prática. O aluno aprende a registrar alterações, colaborar em equipe e gerenciar repositórios de código com segurança e organização.	Git-Github.png	Git e GitHub 	30	\N	\N	2025-11-03 12:40:48.432337
\N	t	2025-10-20 10:36:58	1	2025-10-20 10:37:01	2025-10-22 12:40:05.638248	Curso Java	java-course.png	Curso Java	1	\N	\N	2025-11-03 16:55:22.80185
\.


--
-- Data for Name: enrollments; Type: TABLE DATA; Schema: public; Owner: wolf
--

COPY public.enrollments (id, enrolled_at, course_id, user_id) FROM stdin;
\.


--
-- Data for Name: lesson; Type: TABLE DATA; Schema: public; Owner: wolf
--

COPY public.lesson (id, author, created_at, title, updated_at, video_path, course_id, created_on, duration, updated_on, version) FROM stdin;
1	\N	\N	a	\N	VID_20220619_193341_297(2).mp4	8	2025-10-27 12:06:33.615261	1	2025-10-27 12:06:33.615307	\N
2	\N	\N	Hello World	\N	helloworld.mp4	1	2025-11-03 16:27:23.267903	1	2025-11-03 16:27:23.267945	\N
\.


--
-- Data for Name: lesson_progress; Type: TABLE DATA; Schema: public; Owner: wolf
--

COPY public.lesson_progress (id, completed, completed_at, lesson_id, user_id) FROM stdin;
\.


--
-- Data for Name: roles; Type: TABLE DATA; Schema: public; Owner: wolf
--

COPY public.roles (id, name) FROM stdin;
1	ADMIN
2	USER
3	CREATOR
\.


--
-- Data for Name: users; Type: TABLE DATA; Schema: public; Owner: wolf
--

COPY public.users (id, created_on, email, password, updated_on, username) FROM stdin;
a0eebc99-9c0b-4ef8-bb6d-6bb9bd380a11	\N	teste@test.com	$2a$10$8aDba7wku9iJvH5rpdgz5.TRWgUmG.gtyrMNx5H9T24cPcAyKRqly	\N	\N
4ed61a3c-5c84-407e-828c-75a7dc042189	2025-11-02 16:29:37.306702	supertest@test.com	test	2025-11-02 16:29:37.306748	\N
b955d3be-e7f7-4732-a15d-a6d5c3cf395e	2025-11-02 18:41:29.674518	testes@testes.com	$2a$10$TghzT/lsJeilBRup.YG1TucfGjd0NgZG2Kcugu5j6/.qQmAo4bImS	2025-11-02 18:41:29.674572	\N
198a04b0-df17-4b46-9a6b-b16b64b47d1b	2025-11-02 18:49:30.110181	teste@example.com	$2a$10$esmrX8I9LwT57Sjv9tL3vOPdgdvTU.qXmAp9JHmuXpbHXaF./.C7O	2025-11-02 18:49:30.110252	\N
ec3cc276-306e-4925-a285-55d7fcc8537b	2025-11-02 19:05:48.004856	123@123.com	$2a$10$nmAAHxUeurnEeiz1rnipquO/208SfPU.brFW/8ybdzStPFxpN/f7S	2025-11-02 19:05:48.004897	\N
2912336d-ddec-44df-9b19-7ce215fc9b81	2025-11-02 19:09:32.009584	321@321.com	$2a$10$YJlLSn6GBUanggp0qJp3HuRa6WfjqKs0gTeT/b4CJ5mbv4RFF1iTO	2025-11-02 19:09:32.009628	\N
6ea751e3-17b7-492b-8a3e-bd00aafffba3	2025-11-03 02:29:56.850452	wolf@wolf.com	$2a$10$Ggt9HsS5u9LuchmT6ihBo.JSXyXvEqDrN4GoHe4E9tCxxETSxesBi	2025-11-03 02:29:56.850496	\N
cd2e750b-7790-41ce-8132-7ae6d02f3a96	2025-11-03 04:32:14.55209	beo@beo.com	$2a$10$zaGuxrMnkbsccBt77efD6..WeYkDI3Y7MEQva7qCsT3Va7qxGcuHW	2025-11-03 04:32:14.552132	\N
1fdd7726-0094-4d78-a42d-1fb70444a77c	2025-11-03 11:49:31.876397	buba@buba.com	$2a$10$Cbvwhrf9wZ4hJZuVu0sw1Om/cen11rswnmSD5nNIP76WW59ksUtHO	2025-11-03 11:49:31.876432	\N
d180affc-334a-4b4d-80d0-284f829dcc36	2025-11-03 16:50:43.689799	santa@anta.com	$2a$10$bKrCCBi2SQy6Oj16I3ago.vCLVQQVPm42OVUIH0P7QRXxGBnEDhDC	2025-11-03 16:50:43.689841	\N
\.


--
-- Data for Name: users_roles; Type: TABLE DATA; Schema: public; Owner: wolf
--

COPY public.users_roles (user_id, role_id) FROM stdin;
4ed61a3c-5c84-407e-828c-75a7dc042189	2
b955d3be-e7f7-4732-a15d-a6d5c3cf395e	2
198a04b0-df17-4b46-9a6b-b16b64b47d1b	2
ec3cc276-306e-4925-a285-55d7fcc8537b	2
2912336d-ddec-44df-9b19-7ce215fc9b81	2
6ea751e3-17b7-492b-8a3e-bd00aafffba3	2
cd2e750b-7790-41ce-8132-7ae6d02f3a96	2
1fdd7726-0094-4d78-a42d-1fb70444a77c	2
6ea751e3-17b7-492b-8a3e-bd00aafffba3	1
d180affc-334a-4b4d-80d0-284f829dcc36	2
\.


--
-- Name: courses_id_seq; Type: SEQUENCE SET; Schema: public; Owner: wolf
--

SELECT pg_catalog.setval('public.courses_id_seq', 11, true);


--
-- Name: enrollments_id_seq; Type: SEQUENCE SET; Schema: public; Owner: wolf
--

SELECT pg_catalog.setval('public.enrollments_id_seq', 1, false);


--
-- Name: lesson_id_seq; Type: SEQUENCE SET; Schema: public; Owner: wolf
--

SELECT pg_catalog.setval('public.lesson_id_seq', 2, true);


--
-- Name: lesson_progress_id_seq; Type: SEQUENCE SET; Schema: public; Owner: wolf
--

SELECT pg_catalog.setval('public.lesson_progress_id_seq', 1, false);


--
-- Name: roles_id_seq; Type: SEQUENCE SET; Schema: public; Owner: wolf
--

SELECT pg_catalog.setval('public.roles_id_seq', 3, true);


--
-- Name: users UK6j5t70rd2eub907qysjvvd76n; Type: CONSTRAINT; Schema: public; Owner: wolf
--

ALTER TABLE ONLY public.users
    ADD CONSTRAINT "UK6j5t70rd2eub907qysjvvd76n" UNIQUE (email);


--
-- Name: lesson_progress UKo4tnav6lgv7pgqpw1hwfluww1; Type: CONSTRAINT; Schema: public; Owner: wolf
--

ALTER TABLE ONLY public.lesson_progress
    ADD CONSTRAINT "UKo4tnav6lgv7pgqpw1hwfluww1" UNIQUE (user_id, lesson_id);


--
-- Name: courses courses_pkey; Type: CONSTRAINT; Schema: public; Owner: wolf
--

ALTER TABLE ONLY public.courses
    ADD CONSTRAINT courses_pkey PRIMARY KEY (id);


--
-- Name: enrollments enrollments_pkey; Type: CONSTRAINT; Schema: public; Owner: wolf
--

ALTER TABLE ONLY public.enrollments
    ADD CONSTRAINT enrollments_pkey PRIMARY KEY (id);


--
-- Name: lesson lesson_pkey; Type: CONSTRAINT; Schema: public; Owner: wolf
--

ALTER TABLE ONLY public.lesson
    ADD CONSTRAINT lesson_pkey PRIMARY KEY (id);


--
-- Name: lesson_progress lesson_progress_pkey; Type: CONSTRAINT; Schema: public; Owner: wolf
--

ALTER TABLE ONLY public.lesson_progress
    ADD CONSTRAINT lesson_progress_pkey PRIMARY KEY (id);


--
-- Name: roles roles_pkey; Type: CONSTRAINT; Schema: public; Owner: wolf
--

ALTER TABLE ONLY public.roles
    ADD CONSTRAINT roles_pkey PRIMARY KEY (id);


--
-- Name: users uk6dotkott2kjsp8vw4d0m25fb7; Type: CONSTRAINT; Schema: public; Owner: wolf
--

ALTER TABLE ONLY public.users
    ADD CONSTRAINT uk6dotkott2kjsp8vw4d0m25fb7 UNIQUE (email);


--
-- Name: lesson_progress uk7lok1iwll7jsobapv1rmr563; Type: CONSTRAINT; Schema: public; Owner: wolf
--

ALTER TABLE ONLY public.lesson_progress
    ADD CONSTRAINT uk7lok1iwll7jsobapv1rmr563 UNIQUE (user_id, lesson_id);


--
-- Name: users users_pkey; Type: CONSTRAINT; Schema: public; Owner: wolf
--

ALTER TABLE ONLY public.users
    ADD CONSTRAINT users_pkey PRIMARY KEY (id);


--
-- Name: users_roles fk2o0jvgh89lemvvo17cbqvdxaa; Type: FK CONSTRAINT; Schema: public; Owner: wolf
--

ALTER TABLE ONLY public.users_roles
    ADD CONSTRAINT fk2o0jvgh89lemvvo17cbqvdxaa FOREIGN KEY (user_id) REFERENCES public.users(id);


--
-- Name: enrollments fk3hjx6rcnbmfw368sxigrpfpx0; Type: FK CONSTRAINT; Schema: public; Owner: wolf
--

ALTER TABLE ONLY public.enrollments
    ADD CONSTRAINT fk3hjx6rcnbmfw368sxigrpfpx0 FOREIGN KEY (user_id) REFERENCES public.users(id);


--
-- Name: lesson fkbnmu2xq9klrrg69rs7lcn5fku; Type: FK CONSTRAINT; Schema: public; Owner: wolf
--

ALTER TABLE ONLY public.lesson
    ADD CONSTRAINT fkbnmu2xq9klrrg69rs7lcn5fku FOREIGN KEY (course_id) REFERENCES public.courses(id);


--
-- Name: enrollments fkho8mcicp4196ebpltdn9wl6co; Type: FK CONSTRAINT; Schema: public; Owner: wolf
--

ALTER TABLE ONLY public.enrollments
    ADD CONSTRAINT fkho8mcicp4196ebpltdn9wl6co FOREIGN KEY (course_id) REFERENCES public.courses(id);


--
-- Name: lesson_progress fkhxwj6gbacmwi2768sceg602uf; Type: FK CONSTRAINT; Schema: public; Owner: wolf
--

ALTER TABLE ONLY public.lesson_progress
    ADD CONSTRAINT fkhxwj6gbacmwi2768sceg602uf FOREIGN KEY (user_id) REFERENCES public.users(id);


--
-- Name: users_roles fkj6m8fwv7oqv74fcehir1a9ffy; Type: FK CONSTRAINT; Schema: public; Owner: wolf
--

ALTER TABLE ONLY public.users_roles
    ADD CONSTRAINT fkj6m8fwv7oqv74fcehir1a9ffy FOREIGN KEY (role_id) REFERENCES public.roles(id);


--
-- Name: lesson_progress fkqff2stq7jrqvtih96pxu72xcv; Type: FK CONSTRAINT; Schema: public; Owner: wolf
--

ALTER TABLE ONLY public.lesson_progress
    ADD CONSTRAINT fkqff2stq7jrqvtih96pxu72xcv FOREIGN KEY (lesson_id) REFERENCES public.lesson(id);


--
-- PostgreSQL database dump complete
--

\unrestrict KP8IVxSOPhnVgBN6lpjNPaCUFoDuOVa5cJ0uFW7uAAERgKOgSXU8s9OSB2rxk4t

